Driver_ID,X_Coordinate,Y_Coordinate,Price_per_km
Driver_0,283.78434676553746,308.1489475140587,9.75
Driver_1,238.3194022781937,155.0044618283106,12.81
Driver_2,556.791746191586,348.2466719696246,9.9
Driver_3,262.95061954930566,81.69415168273134,9.81
Driver_4,404.6869823082609,537.4769661492047,19.7
Driver_5,223.1120118554827,421.12470151131726,11.73
Driver_6,52.51708940571726,388.5664966627759,7.06
Driver_7,597.8817707862747,204.74919656212174,16.3
Driver_8,485.55038315342654,95.4796829286892,11.74
Driver_9,231.94186413467762,164.47475496896382,13.34
Driver_10,206.62374519582343,398.9607222067818,8.7
Driver_11,43.366123262966354,570.5185883986501,18.13
Driver_12,483.5650514517489,408.5210741311439,15.06
Driver_13,101.97508682423914,153.06225625560484,6.01
Driver_14,144.17721887886486,515.8663602190917,16.99
Driver_15,594.6052815306911,133.25022165812356,6.0
Driver_16,283.56606541059983,444.3662242612436,17.47
Driver_17,288.6420720152998,119.52223575385405,9.37
Driver_18,618.7268353993388,308.72443300585076,8.64
Driver_19,586.2567738330202,442.6703426013245,19.99
Driver_20,137.4418789301904,244.62098417860253,6.31
Driver_21,653.2457931752879,275.35406292824064,15.6
Driver_22,188.28445807703775,122.11172856384609,13.62
Driver_23,542.0873342331165,320.23332381261616,8.79
Driver_24,539.9510446230306,257.92114986475855,15.76
Driver_25,432.44700789869785,516.0758259129982,6.0
Driver_26,304.51789997985014,32.96553055905288,18.33
Driver_27,10.381710887806403,344.42179936552975,11.51
Driver_28,672.8025994741588,106.79310947598582,8.52
Driver_29,338.1519175443477,346.47871022942127,13.52
Driver_30,15.65633246352407,376.52768471672454,15.82
Driver_31,490.96134257305334,58.36477972665656,12.11
Driver_32,80.06212931917509,57.49685166324365,12.34
Driver_33,223.2734913847683,134.13181484256424,6.18
Driver_34,333.23200004523693,528.8700468908033,15.39
Driver_35,589.4842541945627,164.9780564843266,13.66
Driver_36,671.9281883241887,317.443369308303,16.21
Driver_37,120.6964473033073,81.07542774263061,13.74
Driver_38,302.94293441491385,16.177206401169766,7.16
Driver_39,86.47585659394596,251.27178682271924,9.71
Driver_40,180.2611233804321,234.5506234182739,5.94
Driver_41,34.16208649310674,508.06258907487774,8.96
Driver_42,103.37838117665923,233.45214550651946,17.6
Driver_43,483.0084654750149,427.82694000305327,7.28
Driver_44,561.143255189469,461.1098063915757,18.74
Driver_45,392.181182609267,238.29891144429445,10.28
Driver_46,494.84116664911363,465.75486407446743,6.99
Driver_47,566.9843815517925,527.4891110878816,6.94
Driver_48,583.9635285048844,361.99967268503167,16.21
Driver_49,684.0460203201338,111.65169584443206,13.05
Driver_50,616.9393725922158,506.767342899713,9.22
Driver_51,558.3858976672605,217.31688118843093,5.43
Driver_52,605.5099003103289,175.47260500256104,16.6
Driver_53,656.4438631857881,461.19992626861034,19.92
Driver_54,442.111513239091,129.37627073821326,13.91
Driver_55,393.3853194617916,222.28623685453306,19.53
Driver_56,114.1888604772474,504.73064447324714,19.31
Driver_57,91.97597508872394,569.8704036223639,5.85
Driver_58,525.5094247763218,459.01609758662755,5.88
Driver_59,83.91621150384891,520.2453370548524,10.87
Driver_60,130.76733504792114,194.9451968032378,16.58
Driver_61,199.65655504647648,334.47257294389635,15.61
Driver_62,437.2777319421365,363.56525731458976,8.66
Driver_63,191.77288242010172,366.9273988630891,13.42
Driver_64,599.4675487892154,491.08187214009627,12.9
Driver_65,152.10513884797928,146.40071578970839,13.77
Driver_66,429.18994356436014,547.4435643207448,19.48
Driver_67,162.67619930334922,48.46141368450414,18.39
Driver_68,330.6393694779206,315.3030169877569,14.3
Driver_69,120.89709443944042,567.5401990097866,9.98
Driver_70,379.96506242002437,99.39130171132967,13.11
Driver_71,634.189123373009,528.0026205928048,5.97
Driver_72,368.62976079871686,356.2188271129876,15.16
Driver_73,634.4504559706959,252.2734257660438,14.95
Driver_74,348.1343418342052,585.0983401908335,13.95
Driver_75,161.5539831707203,562.2667579672857,19.14
Driver_76,517.8977749445733,309.86034271697605,9.76
Driver_77,269.6483253324322,236.4924106091381,11.47
Driver_78,58.334387214252914,167.3155236429357,11.88
Driver_79,217.22725325624137,251.6451431882958,10.19
Driver_80,434.65442341482293,241.2817565999673,18.5
Driver_81,10.317660709171331,388.5566855980389,18.3
Driver_82,108.08869246216736,83.43524048261133,8.76
Driver_83,512.5051333991365,24.536080240176105,15.94
Driver_84,462.3359209938926,91.3863643869056,7.73
Driver_85,14.746290775228914,175.86943010131404,14.35
Driver_86,247.78232273661985,320.6986951372635,15.18
Driver_87,57.97739837899463,528.8664752246941,10.65
Driver_88,529.2843445191812,421.03073242320215,19.62
Driver_89,232.1253965704353,166.1005766872545,6.64
Driver_90,451.55981327324395,386.7537209549498,19.72
Driver_91,593.3332600795675,32.682070414873394,15.11
Driver_92,682.7379704118642,558.0194849004978,17.39
Driver_93,569.1200199390832,148.53341674289092,13.19
Driver_94,651.184359605009,35.81023722908595,14.05
Driver_95,338.38009804659004,24.706328569623725,13.29
Driver_96,651.0658669240618,438.3118526684711,19.06
Driver_97,411.35968035804274,398.60381671950057,13.78
Driver_98,645.3426546546117,172.1130831298792,8.59
Driver_99,305.93554591606454,512.7125995120621,18.9
Driver_100,619.5067482030936,558.2742280502554,16.14
Driver_101,545.8411806004655,90.86623423947638,9.23
Driver_102,598.5828520804765,48.98448559211449,13.86
Driver_103,99.95500545134182,544.9047338634966,15.04
Driver_104,510.03258715136576,70.1108583498295,5.21
Driver_105,680.3673285201116,79.65549439381579,18.4
Driver_106,488.14860777036927,160.29561754649603,5.61
Driver_107,347.54755780251674,324.9377296379438,11.07
Driver_108,645.6835855571873,567.0030899427624,10.79
Driver_109,161.17922024065356,584.2896950071674,19.98
Driver_110,131.53558411127523,305.35827667582515,11.12
Driver_111,452.95577214931944,566.5701667899809,6.06
Driver_112,644.2438120363256,583.9578767380473,17.81
Driver_113,216.29126654557572,585.0478665462517,10.98
Driver_114,179.7115777144182,161.69088383752893,9.99
Driver_115,478.2722087960276,267.43363679290434,13.07
Driver_116,327.9645695773336,85.35573000732843,13.14
Driver_117,72.46873148936007,354.3550168950019,11.88
Driver_118,21.993713584531136,429.88852333631263,9.28
Driver_119,74.6214219526868,83.73921981455288,7.73
Driver_120,246.1757808249132,24.790314824192034,10.38
Driver_121,495.67787697560834,171.25400888856214,11.6
Driver_122,582.6391793364758,383.02507318446646,10.8
Driver_123,486.7382007592024,347.019527064114,18.66
Driver_124,292.56834880234163,498.102569803038,6.3
Driver_125,498.7537403680015,407.9990096271732,14.15
Driver_126,628.8332388665577,278.2112769947549,13.18
Driver_127,46.90999669914743,132.7094872907,12.17
Driver_128,279.4943597461705,375.2448134877593,9.41
Driver_129,501.9993551143622,330.86981620961893,12.93
Driver_130,78.5336669872615,539.5414331045125,17.51
Driver_131,511.04298967914207,414.0473643132302,11.67
Driver_132,492.2784770038797,551.423991287448,14.34
Driver_133,470.04506252642216,39.862590750339784,19.77
Driver_134,40.97919436990669,456.98096407231066,6.36
Driver_135,666.3545155729862,167.20932240507472,14.3
Driver_136,16.15126212507115,361.38186391050505,6.31
Driver_137,478.56015382650554,24.37355089295845,11.34
Driver_138,336.6339272890775,44.24801820053936,12.98
Driver_139,373.4908494206743,152.12973299398786,16.57
Driver_140,588.277941409062,65.33989183770329,9.45
Driver_141,611.2808046550032,464.47451516346456,5.29
Driver_142,443.7484934454944,423.7125732033621,13.13
Driver_143,52.11334341016539,54.08644701730708,9.34
Driver_144,513.9889651450904,579.8725851767861,6.91
Driver_145,250.11000468397796,272.4972035378642,10.81
Driver_146,612.6106194552151,484.5125650136104,6.55
Driver_147,607.435316063124,535.0200526070614,11.04
Driver_148,614.9826482875183,327.3608381347779,7.85
Driver_149,665.6226728635412,88.13903876729078,7.35
Driver_150,332.5759986993202,270.0895500157358,10.6
Driver_151,210.61453116163608,156.74764840497596,13.09
Driver_152,505.04547270436217,259.21091478312457,18.63
Driver_153,420.28637714111517,149.9205493382799,13.4
Driver_154,619.3476300863405,279.24111234209505,5.15
Driver_155,325.16983546283296,281.564282532812,17.22
Driver_156,669.4674846356754,175.29492877512698,17.1
Driver_157,209.52477275064058,539.7626743724979,19.79
Driver_158,516.8697328039195,534.8572732878581,17.18
Driver_159,171.94308868544894,260.7822710998587,17.64
Driver_160,64.28487586805349,563.6638355461059,5.77
Driver_161,256.81318897084634,278.962357855514,18.04
Driver_162,563.1585889552033,481.5766463191319,15.3
Driver_163,509.9797610048113,330.7794065335211,13.28
Driver_164,54.514250714955224,588.1256970655447,19.67
Driver_165,313.6896729104169,44.09556642437325,12.55
Driver_166,194.34958959622955,277.8124368577471,16.5
Driver_167,96.5917789954922,178.8800776567631,6.66
Driver_168,231.12220853844002,469.90699742358646,19.85
Driver_169,677.3636450481381,432.94012778617406,8.2
Driver_170,75.75694954673925,521.9926885031991,10.82
Driver_171,361.97605557788006,117.53548706236195,7.75
Driver_172,17.13067476366177,569.493323617738,14.07
Driver_173,327.08939844066623,185.8601373895243,12.5
Driver_174,635.155290260212,30.127579373807187,11.93
Driver_175,594.6167213708595,112.6131556377451,17.06
Driver_176,444.19867524390537,425.7899273187571,17.94
Driver_177,575.7270761894546,518.9959163508051,11.17
Driver_178,162.6455625592226,450.77624463855346,11.74
Driver_179,64.72636119208258,149.78069322492425,19.77
Driver_180,538.8526271750384,66.36773252436231,8.44
Driver_181,277.78588958189187,197.80853170731012,16.21
Driver_182,77.27654342815543,209.33860274506404,17.34
Driver_183,260.38618172245276,561.1913692223014,7.61
Driver_184,377.97673185425583,74.81204997960954,13.32
Driver_185,564.4058029605981,508.70272994730846,19.93
Driver_186,208.62807225886212,209.07286906851863,14.84
Driver_187,528.2858943462896,452.1755510553952,6.35
Driver_188,634.953545947783,286.01770841427054,11.87
Driver_189,592.2319241810696,283.8004676028779,16.58
Driver_190,347.12091387665726,326.15619905861615,12.93
Driver_191,235.3083029260073,253.88827348096336,15.01
Driver_192,486.3964651579462,278.70296125633985,14.39
Driver_193,185.02801915834738,295.72249194082156,14.58
Driver_194,456.96853127832213,506.4685150354101,12.55
Driver_195,194.89692068087987,532.9156240790672,18.61
Driver_196,592.2158157323078,383.22597992383623,8.74
Driver_197,517.4287351933583,497.9041997612118,10.42
Driver_198,564.3978905790705,380.7168095914276,14.81
Driver_199,49.95523380064654,32.23455552401746,11.9
Driver_200,336.9176245044552,152.2454358822854,6.05
Driver_201,425.106214175293,535.3513284444354,18.96
Driver_202,329.395035381722,522.5946690959472,5.23
Driver_203,458.9344381511289,276.16832456138195,9.5
Driver_204,59.80636337593429,191.76370062690097,16.22
Driver_205,621.7857113224934,319.65626355214664,8.87
Driver_206,561.1536175197994,246.8545758915562,19.07
Driver_207,138.26352393684903,340.2525561994466,7.97
Driver_208,363.31546513316425,197.4347697626484,11.02
Driver_209,285.78761777232813,519.323829777942,18.46
Driver_210,449.074604103195,330.83683321822537,7.4
Driver_211,171.54252981783992,558.1305256538285,11.38
Driver_212,620.9345424584485,410.1210420913722,6.01
Driver_213,497.87741485832163,463.00433811409425,5.48
Driver_214,553.3192352488854,316.343938968402,11.5
Driver_215,372.46966295294453,583.9503626988495,10.07
Driver_216,469.38599064583417,120.38038353432384,13.77
Driver_217,489.6124087964975,40.02327982989803,16.69
Driver_218,252.9063622936346,182.79276066090895,8.64
Driver_219,67.44759291828973,12.133720881370103,5.92
Driver_220,48.467584827223945,422.90171512405317,9.28
Driver_221,91.00563495230163,95.8663077355835,9.75
Driver_222,79.16206305343519,228.7756984552055,13.96
Driver_223,555.1794422098706,314.56500956259634,9.41
Driver_224,441.5508880847976,370.28413663750814,15.92
Driver_225,597.65132126071,540.5052292777376,12.32
Driver_226,414.28222104729224,20.11428171627499,15.76
Driver_227,279.79429553558214,235.56246814056476,11.72
Driver_228,293.6732353917299,377.30797901005354,18.41
Driver_229,57.55439206920389,46.73993252436043,13.33
Driver_230,265.4676694303105,371.07134381901955,7.75
Driver_231,309.07849062480005,542.9970019585473,19.23
Driver_232,361.831729888502,220.68494866549847,15.83
Driver_233,289.14415044470974,337.6965776433732,17.74
Driver_234,455.2640334185235,420.28188567533454,15.21
Driver_235,263.6040580964021,466.92665454266086,9.0
Driver_236,633.9258079881047,470.19579112585154,8.97
Driver_237,116.12619363565767,405.9851823684026,5.57
Driver_238,281.92439440507536,208.11912095801975,13.87
Driver_239,480.16549258353183,148.10428373162532,19.81
Driver_240,396.06527299844794,154.51525620133455,8.36
Driver_241,675.3820829515768,250.8472826397539,5.21
Driver_242,669.2866375592997,567.7881690018935,11.19
Driver_243,518.0774331925115,201.12086990566422,19.98
Driver_244,88.65032091593342,128.5370993526255,9.8
Driver_245,123.29486286566339,262.31537970287974,13.99
Driver_246,13.51186471585287,229.88293978436337,14.65
Driver_247,316.36687423442464,78.74453547967585,17.98
Driver_248,382.5160690303219,217.67931309929276,12.92
Driver_249,214.7079271900728,421.34991497203504,7.01
Driver_250,301.7634552320984,14.49496093057855,5.23
Driver_251,522.0161127271905,507.2059057649006,6.94
Driver_252,330.6232433702805,482.8605600072095,12.02
Driver_253,230.13118175078023,564.0224366630464,18.11
Driver_254,151.88715309551534,67.92595924544456,15.76
Driver_255,583.7526839745259,150.6828959017255,12.05
Driver_256,103.6312460915816,83.20637506305545,12.69
Driver_257,294.7035763628716,110.17651861529396,6.51
Driver_258,145.7223852376319,422.80823026676967,15.36
Driver_259,136.4226890790062,357.7714036831153,9.99
Driver_260,276.9640892525234,440.7169899842184,10.37
Driver_261,428.8701703918593,189.63948773201923,9.11
Driver_262,380.1244965688165,524.5652143677515,12.78
Driver_263,409.5240860242338,203.43714178309,17.5
Driver_264,423.92789161619663,555.3953659763724,11.58
Driver_265,35.33072999847707,455.69439385554097,16.41
Driver_266,677.7342097430934,193.96539757831363,17.66
Driver_267,474.48369227669565,175.68292477616993,11.68
Driver_268,426.36837197243625,369.75516208124475,16.07
Driver_269,164.99255514960333,78.59250295551999,14.38
Driver_270,233.32913950248388,379.80634700820156,11.63
Driver_271,78.25287934735914,15.504651846625354,10.67
Driver_272,227.68708386401784,376.83314951271007,15.48
Driver_273,106.30146407121781,340.04845368310635,12.11
Driver_274,283.46227979885884,428.5820889157988,17.71
Driver_275,183.4131107107661,271.74709880932664,11.01
Driver_276,298.2612529462071,488.9887684140553,8.55
Driver_277,315.1250566904556,193.92389203428257,8.72
Driver_278,65.23050564262664,399.0784953401825,17.17
Driver_279,630.552604164162,367.7303621834918,14.97
Driver_280,430.17165805041384,510.2375353244826,5.02
Driver_281,195.43334536081343,545.2046006781859,14.56
Driver_282,376.11147002192337,494.18319833723467,13.32
Driver_283,530.9472953767375,158.03196162588895,16.29
Driver_284,507.7525020343777,66.35282514283537,7.98
Driver_285,173.3871906494423,510.1272680172506,15.34
Driver_286,202.16377304946488,537.8096804124468,7.75
Driver_287,328.33046326754203,36.383720423735866,13.83
Driver_288,544.543772562643,350.8783372271315,13.14
Driver_289,167.68588927551835,567.8265073750671,19.57
Driver_290,677.6573974232859,324.3104763146307,16.23
Driver_291,131.76338142332884,59.335519358553526,11.78
Driver_292,452.5981611095014,368.4202539555842,11.11
Driver_293,259.4969515598256,583.1397682409869,17.86
Driver_294,635.9847108136477,398.29365833609484,7.61
Driver_295,161.02843827155166,493.5224170552925,6.88
Driver_296,161.3416223659985,536.017346963054,7.76
Driver_297,181.05167657505555,202.6011227595988,8.69
Driver_298,580.252695943918,414.37530462621555,16.75
Driver_299,558.4431374386364,430.4473317675468,12.54
Driver_300,269.346306997517,122.82736116865851,17.38
Driver_301,407.5752901976741,426.91712334686997,9.76
Driver_302,390.5308645719645,366.4058087139885,17.41
Driver_303,203.55244991462234,179.67162374787344,15.46
Driver_304,153.85739196888125,250.41951134562896,13.46
Driver_305,104.74195099302794,546.5445890697141,17.51
Driver_306,160.64199673133487,96.03979069191958,13.11
Driver_307,540.8424047262257,122.43355542362426,19.71
Driver_308,457.3378708733723,126.88983550326022,14.78
Driver_309,675.8666521674279,89.23215026865464,10.6
Driver_310,669.5150922718042,398.4558102289922,10.32
Driver_311,325.173854910678,527.5437584302027,15.75
Driver_312,16.734333375128433,396.2686288976296,10.45
Driver_313,171.19922241140796,385.0749273728357,7.12
Driver_314,92.44058423919105,508.2699820506013,7.15
Driver_315,394.30579804520863,273.01998983714464,10.52
Driver_316,506.32836148715205,181.01747253434067,19.91
Driver_317,92.60501905822316,266.39518551626,6.7
Driver_318,333.49968596000053,234.1289593649653,6.89
Driver_319,58.19618642968499,567.7073606226954,16.47
Driver_320,37.4014854170853,588.0202943914104,5.97
Driver_321,659.3962525294453,68.94572099154502,11.7
Driver_322,599.5448197902837,425.5275885474939,11.69
Driver_323,479.7476624058922,214.47008896033702,16.47
Driver_324,33.56382223360019,285.1300642178699,19.17
Driver_325,600.6813602805636,284.93264392788865,5.47
Driver_326,298.4063011844399,168.24517680347412,18.32
Driver_327,419.10783183330796,370.9975354398717,18.24
Driver_328,587.4897942491281,280.16931505910986,14.18
Driver_329,585.6620470103823,439.04264623693274,5.63
Driver_330,171.17167649100375,92.78127381846254,6.36
Driver_331,90.89927420779266,194.12947048059218,18.12
Driver_332,568.2660238799793,320.5334109314537,15.93
Driver_333,160.49608882387423,140.0973845290757,7.91
Driver_334,522.069622562343,345.25507214898,16.95
Driver_335,622.5857069784079,231.92119549648564,9.23
Driver_336,432.13179890983275,86.27610870435251,16.26
Driver_337,48.532042016347596,157.6293557519574,6.04
Driver_338,170.97410714397964,235.030650210821,11.02
Driver_339,173.8308920356272,170.1664502373756,5.68
Driver_340,282.9973156051016,544.0704647833248,11.72
Driver_341,543.9102793388977,44.827963263438114,15.31
Driver_342,127.25307555697799,464.93998798784037,16.91
Driver_343,323.699352527715,486.4671975468945,13.79
Driver_344,244.4919311849678,62.40447257302964,15.1
Driver_345,599.8121363405751,92.65964483937452,14.01
Driver_346,647.2504238646619,319.39930570005936,19.92
Driver_347,474.9906271373195,496.1994807167129,10.51
Driver_348,282.6647564558485,502.10231925563346,14.13
Driver_349,480.60442886046764,352.6495577146825,13.45
Driver_350,248.57675262847238,278.2538245915203,16.92
Driver_351,499.0421671640741,101.88073461593346,18.11
Driver_352,267.2178152491075,399.6916182550458,13.36
Driver_353,597.7666004478133,421.3953666923991,14.33
Driver_354,680.8884497818894,209.53494309377956,8.02
Driver_355,220.82525314629297,537.4361703943239,9.34
Driver_356,537.5286573226832,171.7079464936945,15.91
Driver_357,283.5898402857161,34.60100482234666,15.75
Driver_358,627.8100813093266,483.16319853713475,15.23
Driver_359,361.12725050822996,480.2395561672244,12.69
Driver_360,258.8412981144837,511.27221336338835,13.76
Driver_361,641.0143259480137,486.3524839505814,19.85
Driver_362,56.7534249000058,425.8253810183334,8.79
Driver_363,677.3332660932809,131.71702953998596,18.15
Driver_364,26.436366103910366,267.2587046742913,10.78
Driver_365,155.58087596708646,471.7025637447859,8.74
Driver_366,155.6641552314789,295.85367180796464,7.53
Driver_367,598.0360753646517,346.3959367771872,12.96
Driver_368,587.4232093882998,155.94038585050086,8.15
Driver_369,362.5718099377769,11.43910224535842,9.66
Driver_370,527.532589211347,73.4407367566767,10.07
Driver_371,688.2835018074976,136.59505280774903,6.9
Driver_372,362.07778314472984,219.63352576564967,18.93
Driver_373,347.2188763171783,29.124864986065262,17.48
Driver_374,220.71626435465797,561.7720186981429,16.42
Driver_375,185.08017288921639,105.98381724889538,15.03
Driver_376,154.26214527162574,104.37359003648191,11.63
Driver_377,95.01520227693578,577.8055656532072,7.5
Driver_378,255.62259721786822,526.8170548238026,17.46
Driver_379,481.2350923347914,121.2032286977343,14.53
Driver_380,646.6542612531949,189.82022610280012,16.97
Driver_381,407.2122927436387,313.1685131198499,8.22
Driver_382,549.0274232206384,153.3772885481921,14.32
Driver_383,664.4141523971914,346.7418909791989,16.41
Driver_384,508.34082336537756,263.17131221900854,6.92
Driver_385,346.5259498512168,144.8368485441915,19.03
Driver_386,284.7535356374766,348.27988366184064,19.74
Driver_387,598.1247872732414,212.29499569450013,7.59
Driver_388,39.20863792305325,162.88386968089932,15.23
Driver_389,537.2678321930179,185.145344432816,12.35
Driver_390,215.3594445583708,124.03312214640721,14.86
Driver_391,566.6387628496158,421.9387382520591,12.6
Driver_392,19.046212891064485,188.792904378167,10.52
Driver_393,251.38245485111534,460.98645895254646,13.9
Driver_394,83.30366313542592,217.3857303845927,6.0
Driver_395,285.0521388863413,189.66610773509987,17.2
Driver_396,228.55075051361524,448.69839574594914,19.85
Driver_397,273.4157172159893,220.95864107776538,11.95
Driver_398,287.8995768654202,258.0704343703711,14.32
Driver_399,74.56511523910883,472.4680262446225,18.8
Driver_400,383.71018249981444,173.074894945771,11.98
Driver_401,563.4698464557317,400.59568162879447,15.5
Driver_402,329.7944360976494,538.0654111577385,10.85
Driver_403,309.1100706468047,141.72168079834347,18.95
Driver_404,206.2097021525907,94.95194913023798,16.11
Driver_405,253.5640976423501,188.41631133513226,16.33
Driver_406,167.1017131958634,36.15280965583685,8.95
Driver_407,54.881298180129804,306.67999535291773,17.3
Driver_408,438.81921478461203,34.802358275701216,8.11
Driver_409,529.690878456908,277.82235447472897,13.09
Driver_410,665.4420611016075,381.08743920527974,15.48
Driver_411,545.4743371893541,168.20518723378015,8.84
Driver_412,77.26421535139104,241.2348305594033,12.55
Driver_413,140.53501719087816,49.76840174213591,19.95
Driver_414,33.52809132064468,284.69734955242615,6.01
Driver_415,665.6035614909609,434.95826179867544,18.66
Driver_416,660.8480570805286,515.5905907836637,10.01
Driver_417,274.5728615671074,244.26191667224336,6.82
Driver_418,27.145595429105942,70.51948683751063,18.57
Driver_419,503.0792723970685,177.84558995596063,9.75
Driver_420,229.0724867796638,311.56155669462026,8.43
Driver_421,408.27937321893506,295.9658808192165,16.87
Driver_422,406.69491860831414,453.08933437327795,19.15
Driver_423,364.421549679532,468.52620365967897,19.78
Driver_424,222.69528225899393,226.1196936574041,12.56
Driver_425,326.07195771568314,41.31830157177033,18.3
Driver_426,278.7694839679251,502.02814617169497,14.35
Driver_427,254.06512517239895,39.10516902907389,12.33
Driver_428,584.403236210663,243.86783368268306,5.62
Driver_429,681.0075099615251,563.8525014579743,10.48
Driver_430,89.4411518301529,569.8149095238194,18.98
Driver_431,106.58674885808732,367.1090980864108,19.15
Driver_432,611.2350705570526,289.4973571283431,10.96
Driver_433,51.584215935379454,95.03262130246627,12.85
Driver_434,618.8339230652084,506.9979317268419,6.0
Driver_435,173.57712109675947,356.47837854298393,6.64
Driver_436,578.6015173962423,310.20825830990174,17.38
Driver_437,373.79804142493794,310.3469639206633,8.85
Driver_438,118.23414419658438,147.1666278563923,16.23
Driver_439,447.95626781377564,460.0603960774159,13.69
Driver_440,614.4593197279385,278.91187517751996,14.81
Driver_441,334.5043781876602,152.2840552839807,10.56
Driver_442,601.8723735051483,355.7164023370094,16.94
Driver_443,518.4911800039895,357.3735506930118,9.21
Driver_444,112.43149417431692,461.88014371413124,8.76
Driver_445,349.6725146234892,439.3840986716636,6.99
Driver_446,264.6996670930008,293.21473347786997,8.39
Driver_447,307.7226608012068,242.9643395131152,14.19
Driver_448,541.488784189157,292.3397527700727,11.11
Driver_449,521.9389994742401,150.6724242357989,14.59
Driver_450,505.77399697751656,350.21079706876355,16.77
Driver_451,135.72952154652546,196.0078686793601,17.35
Driver_452,373.42474756064695,354.6683602541543,5.08
Driver_453,430.15410648522834,287.37525079450603,11.19
Driver_454,579.1047236286538,328.98315777330436,11.16
Driver_455,679.7921016867475,178.18363538939482,8.31
Driver_456,290.7990201877237,315.8439813592147,14.46
Driver_457,512.7187344842835,519.8114981572508,15.88
Driver_458,308.72780014549363,354.76065510138335,6.86
Driver_459,283.97314102675256,584.175629246238,5.58
Driver_460,376.4178472862978,220.86219324801252,10.04
Driver_461,14.985726668423611,322.0774004832699,11.78
Driver_462,84.97826867923725,387.6938090404014,14.98
Driver_463,640.0403632798781,567.0397621248131,13.63
Driver_464,25.745285468423486,220.06507256911522,8.98
Driver_465,84.22613362831197,368.90686102042855,19.2
Driver_466,499.2698140536989,588.9466013659935,16.84
Driver_467,163.43635263558983,159.86621789485966,16.79
Driver_468,402.48314439825964,578.932914885431,17.0
Driver_469,270.4722629350044,393.26031818630173,10.1
Driver_470,494.787630311342,513.6838729146455,19.0
Driver_471,85.72935610597358,62.927875064016746,10.61
Driver_472,365.4763251154414,377.7204368270455,5.0
Driver_473,615.4330120739014,226.20430620191863,8.78
Driver_474,136.4756343254819,318.2497489827278,12.69
Driver_475,387.7633104147688,15.78467322716273,11.36
Driver_476,142.35820571242397,102.3827291884586,16.58
Driver_477,239.95489299577366,551.4328642474528,14.78
Driver_478,310.42484184126175,351.60290266802576,12.33
Driver_479,415.8449674552894,121.87053596730158,5.89
Driver_480,418.3144007759366,49.095768984223554,7.6
Driver_481,231.5252319970713,57.08616210150326,16.49
Driver_482,304.36815929396016,534.5301448460974,14.7
Driver_483,651.5479623061852,178.22086973076924,13.33
Driver_484,661.8328275319994,338.08402017480194,6.74
Driver_485,362.1444566739559,405.05282061331764,11.71
Driver_486,559.9482362834564,166.38582709920817,10.33
Driver_487,642.2747041735616,274.9053155072878,12.06
Driver_488,256.53516789908883,358.5891575632358,14.22
Driver_489,166.84611447562233,539.4381423377894,12.5
Driver_490,15.337276765564862,88.73400330390942,15.52
Driver_491,345.88712527444915,290.8018688536382,12.22
Driver_492,653.6935632670383,408.2384290594703,18.48
Driver_493,233.6187444924258,555.1276686838091,13.31
Driver_494,539.8659959580939,24.6287508911387,12.96
Driver_495,326.7674914677405,103.66217016420494,13.8
Driver_496,480.4112384078904,136.15743890606018,16.59
Driver_497,34.05526648614206,437.82837009441454,5.31
Driver_498,189.90236408127396,223.12143428669185,8.53
Driver_499,251.18793122493827,17.71564116524737,11.86
Driver_500,284.87312514891437,129.25897520240386,5.93
Driver_501,274.27833187588067,513.7706507201492,15.83
Driver_502,43.83191312592066,298.65261092497525,6.99
Driver_503,248.6268510590889,286.6888397305107,17.36
Driver_504,117.4289789406258,177.52588307883272,13.15
Driver_505,57.72009337491684,179.15175418600276,10.31
Driver_506,98.99708416192809,327.6595602363273,18.28
Driver_507,546.9012091376151,178.7374275891671,8.54
Driver_508,314.45645223812693,245.66816937644117,11.28
Driver_509,685.8242587356293,58.15867505616776,15.92
Driver_510,528.7605500704159,362.74885700108564,13.65
Driver_511,277.24277139035763,341.26914668521977,10.51
Driver_512,567.3952471979605,130.84624388322737,9.21
Driver_513,71.7701970626157,19.978119022800982,17.53
Driver_514,515.0011359541728,543.3374315439062,12.19
Driver_515,38.9569770755657,448.16467457931986,15.3
Driver_516,499.7062525050659,380.25490715776425,14.72
Driver_517,471.4693705001424,166.35240456411964,11.64
Driver_518,416.48100347477884,537.9357114463015,18.97
Driver_519,72.7102834127111,539.7155061040382,14.43
Driver_520,665.8774666503575,213.6159605417661,14.19
Driver_521,381.1004042863409,421.13052846801236,5.66
Driver_522,177.4458645749799,201.5477005725248,6.27
Driver_523,310.24813859979145,561.7322136036046,11.26
Driver_524,79.95006506461175,260.3167087039334,18.36
Driver_525,114.84114425220207,467.3970042736416,7.97
Driver_526,627.9278755555345,417.31980374906124,15.72
Driver_527,397.3006882329435,462.9089392625867,18.47
Driver_528,201.47935819113317,349.54815749852804,18.12
Driver_529,468.9095399947774,545.2668970867509,19.53
Driver_530,364.67023709751004,257.2111621653467,17.43
Driver_531,279.02551651759376,71.85297189135747,9.71
Driver_532,371.48040730906416,584.0542821137583,10.68
Driver_533,234.73073822297786,46.60457935809353,11.86
Driver_534,511.1593126239066,435.5908590459212,6.31
Driver_535,622.2315164835522,560.6331831524544,13.36
Driver_536,33.93661028281828,588.8094488280145,7.67
Driver_537,664.3758079654312,360.3810276195118,11.69
Driver_538,326.5765971673093,235.34585231596023,10.75
Driver_539,61.304095387152095,215.10345359954948,16.9
Driver_540,115.08492290421816,274.36630535509164,14.42
Driver_541,470.52522193446913,260.4332590949175,12.37
Driver_542,126.61986062473412,504.00641502676797,15.03
Driver_543,355.86109407878826,226.74506488128435,17.0
Driver_544,351.1815404959851,581.1212537068284,9.81
Driver_545,554.2990003075826,53.67568777267125,5.19
Driver_546,15.149255064659073,476.76513319974714,9.2
Driver_547,88.78308392830954,391.68876605781077,12.2
Driver_548,286.28530931956305,576.2296203760616,8.42
Driver_549,327.7411355301394,133.85038581410294,11.29
Driver_550,132.67911907757625,94.79107887093171,7.18
Driver_551,250.33105501604572,132.43012731545022,7.52
Driver_552,223.0764718026508,237.65910367209912,5.72
Driver_553,398.09525224753776,35.02691794305121,5.25
Driver_554,186.3401946668747,33.50212064631263,19.44
Driver_555,141.84330560653194,96.37747494820995,9.64
Driver_556,550.839356166188,258.7281794325696,17.74
Driver_557,80.0453829867591,546.5766914804365,14.94
Driver_558,235.43894392272594,445.60997118246394,7.03
Driver_559,18.232776703412142,147.00953131250537,6.03
Driver_560,360.9491706234883,546.7015948189988,7.94
Driver_561,330.4224394061451,564.2408252966864,10.76
Driver_562,500.9208684326972,442.0655228472313,16.32
Driver_563,259.04947356050286,46.34386020990408,16.24
Driver_564,32.17858753514658,401.1557862102672,12.0
Driver_565,213.66868879385063,351.48522446252696,15.86
Driver_566,658.1310334722139,122.21731346206725,19.06
Driver_567,470.4181867090495,238.25930048532945,8.41
Driver_568,113.84900668387178,472.1637825949579,15.55
Driver_569,328.41449456982747,517.4739177786767,9.02
Driver_570,513.1986307896117,104.7559055815805,10.52
Driver_571,32.588190164989065,36.8545872581102,7.85
Driver_572,596.1063813510679,467.49708392682203,5.7
Driver_573,653.2474851635883,549.2944640719246,13.76
Driver_574,454.4700239756917,103.6352347138286,7.93
Driver_575,353.0311410443797,497.69621632949975,13.69
Driver_576,67.20467189681247,59.40255451825737,5.95
Driver_577,356.4326097679963,272.39816550292204,16.73
Driver_578,632.3121419395768,417.0003775427637,7.27
Driver_579,411.3039024720454,478.2805693366518,15.4
Driver_580,578.9118403596274,316.6663609814335,6.3
Driver_581,34.25915124453362,214.8717179096586,9.94
Driver_582,107.57509854555474,487.9134824751391,7.46
Driver_583,628.6253436511682,63.446992026829875,7.61
Driver_584,491.8628971589182,28.906701650870236,14.52
Driver_585,190.12733894332177,404.4073824446535,10.87
Driver_586,644.5976291513681,419.5418034033963,13.23
Driver_587,548.5178872255357,201.01117720586743,19.9
Driver_588,308.3726819090334,556.5383103247752,17.41
Driver_589,639.0916157714946,582.3333611773927,9.7
Driver_590,663.2596781236628,455.04971664100907,14.37
Driver_591,359.3458431840795,97.10752686484108,19.42
Driver_592,478.08819160659687,301.9457269438668,15.55
Driver_593,500.7991045946868,297.3861427723796,17.04
Driver_594,338.8034101066375,339.51485988774175,7.05
Driver_595,511.1470362856615,435.1407504710408,16.93
Driver_596,315.5002466394198,465.1991581464062,11.98
Driver_597,220.00743442518115,211.2918020095297,14.16
Driver_598,114.91314195484235,316.75379036788325,6.17
Driver_599,528.5177747314588,252.52900371215597,11.43
Driver_600,72.89202605921648,316.3896433452618,19.74
Driver_601,193.47639243095924,408.67369765634146,12.05
Driver_602,530.2934169221768,183.58291779623707,13.82
Driver_603,598.9358609671381,57.70119171241432,11.06
Driver_604,555.2496118163598,30.80654545859602,8.78
Driver_605,71.65367580628987,415.16186323664664,15.66
Driver_606,208.9893554797074,349.0364123802553,9.3
Driver_607,668.8119853994252,236.44891415159765,7.01
Driver_608,339.7670255391335,478.38992548981724,13.42
Driver_609,544.2981873127095,400.34370082343384,8.19
Driver_610,153.40230455748818,583.9032462128703,15.48
Driver_611,607.9048861279114,532.3840838461012,17.58
Driver_612,285.7645080487236,193.18386171954742,18.08
Driver_613,232.73202124799275,375.3286025542591,11.94
Driver_614,270.90737329318057,527.4498012598782,6.88
Driver_615,318.09616563566567,514.0306126742717,5.83
Driver_616,58.567487178034845,197.57878923509998,17.87
Driver_617,216.8026670408263,257.4306432061021,17.77
Driver_618,86.26772834153272,512.8226199829741,16.08
Driver_619,423.8360276767057,560.9633371091829,16.48
Driver_620,365.2396591768041,487.59942685703027,8.84
Driver_621,467.49301207688507,494.98357941646253,15.01
Driver_622,363.6473006828927,401.58711240672415,16.88
Driver_623,329.8872530805004,538.2968670971721,8.48
Driver_624,479.02097892559846,255.69783462606864,19.13
Driver_625,446.1794161744706,54.3272354197249,5.93
Driver_626,490.89765821807316,63.88688026300592,15.21
Driver_627,624.9912942529024,391.4938217437513,8.08
Driver_628,468.87357910951687,374.51532968877774,8.75
Driver_629,551.7232742871017,172.3081925749008,5.44
Driver_630,452.6648989470146,366.90866486784955,8.85
Driver_631,547.7894122452493,427.945319461891,14.88
Driver_632,614.8360577174853,421.70768442195833,19.06
Driver_633,18.310537413637356,289.2739606936701,12.59
Driver_634,277.7280675667495,535.6390323569769,17.4
Driver_635,628.1797964084408,202.33758246678872,15.12
Driver_636,408.7985510278529,126.6601448240659,12.88
Driver_637,653.6896438636486,284.1043684252249,7.68
Driver_638,496.3374052396338,143.28472461547028,11.75
Driver_639,259.5393116106667,523.625204566277,10.44
Driver_640,473.75055139023016,197.9352912627013,5.16
Driver_641,586.0298121054335,310.9342532607439,7.06
Driver_642,374.80796730288273,561.4049708188668,11.6
Driver_643,257.7223034768306,421.9944053301724,13.61
Driver_644,574.8791276840568,468.84490909576624,12.75
Driver_645,576.9260579458598,66.75830598674915,16.69
Driver_646,581.050908476677,587.693970538496,10.51
Driver_647,661.4939645638048,316.0730350935819,15.37
Driver_648,190.03839796977485,437.37208175987024,13.12
Driver_649,87.24620576315674,238.93632273126389,7.3
Driver_650,138.21669620740946,127.48317648998953,13.88
Driver_651,455.93832909016413,391.5319210313813,19.69
Driver_652,434.66397732430823,450.3520380831656,6.75
Driver_653,242.52458949082913,221.31879016704949,12.87
Driver_654,362.8495740890411,320.0600254480663,15.64
Driver_655,96.92280714340158,465.8811617708856,19.24
Driver_656,329.69968137488956,501.21185904851717,10.78
Driver_657,411.22759382794607,151.70190092939944,15.06
Driver_658,265.60024197778756,266.546799278182,9.75
Driver_659,238.67363113494247,107.37589521500959,8.93
Driver_660,228.93425007801568,188.6656984754402,19.28
Driver_661,657.0722302595822,193.47432609060803,5.77
Driver_662,158.16045548224685,392.1489249712923,17.39
Driver_663,130.06398552086404,22.708098909049582,7.93
Driver_664,449.53763305977975,234.5057217504678,7.25
Driver_665,33.29245679767323,60.31465742463434,6.25
Driver_666,396.18745240413915,497.52202038103195,18.68
Driver_667,427.86444859605035,528.4451406982542,16.48
Driver_668,516.8107299513815,559.8690352586101,9.3
Driver_669,445.971772646382,29.35170927960081,17.48
Driver_670,354.46017900778577,291.70816758154695,16.51
Driver_671,388.10090832116697,460.8913733938262,16.63
Driver_672,551.6436892023834,569.9475634008943,8.64
Driver_673,564.6498026092207,359.7325025165544,12.51
Driver_674,135.86080277305587,359.6315999497971,15.03
Driver_675,201.68510166833923,145.93193937778804,12.82
Driver_676,349.5695833625783,543.8615877431807,9.25
Driver_677,290.99131306108353,227.2847080056641,15.22
Driver_678,688.8915224604511,404.39585104521643,18.38
Driver_679,78.00111819899503,270.67174980621314,13.2
Driver_680,461.42934653010815,464.71998648968355,15.22
Driver_681,94.04521045677538,255.07704263706387,19.32
Driver_682,449.0234920382267,159.91770930590943,13.57
Driver_683,20.618329236889732,183.71209195929814,19.74
Driver_684,286.97736348529446,263.9418171880406,15.04
Driver_685,470.4388375104819,547.9014743110018,9.56
Driver_686,473.51800030825285,420.6273856079219,5.75
Driver_687,672.6329527113531,512.4024736342159,13.33
Driver_688,172.84290306912027,99.63237252216082,16.94
Driver_689,158.90181258704033,552.7204289841989,19.98
Driver_690,217.02075367438573,198.70280018733635,17.41
Driver_691,217.09571267499993,337.24961532504835,8.74
Driver_692,520.4815968361853,388.1633335404929,8.93
Driver_693,19.83794724084261,539.5956475802816,13.45
Driver_694,282.4599823164088,79.50723676279385,18.12
Driver_695,328.72586047541284,98.65180893599545,5.23
Driver_696,238.54460312172256,266.1340918168131,7.93
Driver_697,551.3291600166624,338.93369745829466,16.47
Driver_698,142.65537861149664,446.8827113686374,12.88
Driver_699,355.46320318767573,180.89260542935023,8.3
Driver_700,612.6246833397738,332.6607545445925,13.6
Driver_701,92.60444637960097,404.84856232828434,15.18
Driver_702,501.2460175275676,15.867963842544018,17.62
Driver_703,237.80229369569508,286.52206320376143,10.19
Driver_704,555.8757554670601,45.520613728198946,5.33
Driver_705,649.4422243508974,588.57148576836,9.07
Driver_706,669.5279967892848,380.92924283878267,19.22
Driver_707,663.8354929170008,526.73843467038,11.07
Driver_708,493.58999199093756,29.622199564278908,9.11
Driver_709,116.35775378293987,40.99259907562221,15.73
Driver_710,173.54203289331144,328.1958037857084,9.21
Driver_711,152.6740797559536,288.24513115274846,12.27
Driver_712,398.3308679072819,210.73422580811177,17.57
Driver_713,409.84336726680147,509.18719266120974,17.56
Driver_714,187.33583373545758,393.87866592801123,16.51
Driver_715,570.3296480378071,223.99931359355833,10.16
Driver_716,559.7805886075122,193.9048774653327,19.01
Driver_717,679.5136634770046,189.24736865440022,12.74
Driver_718,208.7633627154704,371.4140088912216,11.17
Driver_719,151.36141921889566,141.1432366051279,14.48
Driver_720,590.9242092979005,522.2884546159061,5.37
Driver_721,63.62638858670368,460.1682380729778,18.35
Driver_722,114.91527642617692,13.855739854498214,15.86
Driver_723,633.2520676013426,130.2745467841517,5.8
Driver_724,634.7583277749458,260.6257022180845,7.15
Driver_725,489.1330286500807,459.7874539751968,13.83
Driver_726,240.8219679194485,338.54560981373527,10.74
Driver_727,258.9148221633818,563.4128117761534,14.04
Driver_728,590.4831107637087,530.9538858299809,10.4
Driver_729,424.03301176291194,365.77778750370027,10.14
Driver_730,39.54755029948612,65.7394292296166,6.73
Driver_731,497.69498843827586,503.75741726388367,9.48
Driver_732,627.462677696579,393.89365492578435,17.35
Driver_733,627.3940885370304,281.18467688208017,5.96
Driver_734,46.741573120840116,428.96505957454616,14.72
Driver_735,236.5873210809535,526.2544539522596,14.97
Driver_736,484.6125555312991,518.6320819577504,16.66
Driver_737,646.6978226535532,547.4924595728496,14.44
Driver_738,420.69666086436285,221.9190526121397,9.7
Driver_739,477.8211454046801,543.8093205418382,8.24
Driver_740,641.841393494502,340.05527791911595,9.06
Driver_741,261.04133986350644,280.53282588107174,18.23
Driver_742,403.0377014355838,370.9397522924398,12.97
Driver_743,639.734847105386,477.33320663265914,19.8
Driver_744,189.63723598540298,246.1373962233266,8.16
Driver_745,516.3531717393112,26.429171291076152,13.94
Driver_746,505.79899283804707,156.34846011708322,12.2
Driver_747,677.3520937559211,212.73217167316412,5.54
Driver_748,16.608560877804774,89.30332805012011,14.94
Driver_749,625.1410426034877,34.406026957780654,12.26
Driver_750,644.7528297311949,476.44455431573846,18.32
Driver_751,501.9570206383269,589.1122984842566,17.08
Driver_752,528.3382104484468,544.5618276904091,12.83
Driver_753,40.23020901946819,290.47902414065726,6.57
Driver_754,356.0104828125714,443.7606541787347,10.11
Driver_755,514.8033981153467,364.5467409245343,14.25
Driver_756,274.2167033422609,224.7623009088611,11.28
Driver_757,275.29323193233,384.83574195982027,8.3
Driver_758,235.95548247461275,150.3389663553981,10.05
Driver_759,345.96819177715065,88.33342246814176,15.86
Driver_760,491.8180453838636,505.93287635036717,18.51
Driver_761,117.7126984893274,215.22214690972612,9.22
Driver_762,30.438590415814893,279.425863543538,13.01
Driver_763,111.00401155331762,554.5582413167792,7.73
Driver_764,190.2528836583577,434.01105559627206,11.76
Driver_765,55.302225766431185,177.3971834610307,9.27
Driver_766,352.6566813850533,424.4963755456511,10.2
Driver_767,259.2184302300463,445.8046909165999,11.96
Driver_768,422.8309853505671,116.57785569641179,12.63
Driver_769,631.8399742868819,219.38070819657872,17.64
Driver_770,130.39014802260343,253.81343392712142,16.11
Driver_771,598.5645868433545,60.75541441723489,10.96
Driver_772,153.6969061708328,306.08843427716556,12.79
Driver_773,512.6508187662309,245.54720436928477,14.13
Driver_774,498.24681831330315,188.1625384089993,7.12
Driver_775,334.2583197321452,565.3422350224565,15.9
Driver_776,638.6180591831233,418.4895192542291,7.47
Driver_777,330.1795937857087,473.27154929661975,16.67
Driver_778,364.65411373851293,339.3549083879754,11.14
Driver_779,481.4083242132069,296.44994949481134,12.51
Driver_780,513.4467873320639,116.690965667505,6.22
Driver_781,46.860882400410404,177.0296176728121,12.25
Driver_782,219.12266470504943,299.2665556069586,13.94
Driver_783,63.69930554958183,77.2931570252284,11.07
Driver_784,84.76910586148666,309.24532309716045,9.03
Driver_785,561.7950012518529,318.68638818977485,13.02
Driver_786,171.70309067123492,433.7073324779435,10.8
Driver_787,619.8168175835162,582.0185747533262,16.14
Driver_788,344.89780512605716,424.57273101100037,12.37
Driver_789,532.4277458489529,24.82886975671159,6.79
Driver_790,237.38825897629442,511.8995246150076,13.75
Driver_791,565.9510173294765,409.0820616048829,8.27
Driver_792,250.5590047552203,341.7354680471413,17.75
Driver_793,277.9047630195459,160.2702999248697,19.22
Driver_794,263.9878297830784,100.381787418728,19.87
Driver_795,433.72692501872933,225.0777618726404,12.27
Driver_796,485.5647758843066,57.08334562485678,12.8
Driver_797,180.13904993067325,480.56316232713414,10.03
Driver_798,428.81228474609503,310.4902093109332,19.83
Driver_799,544.54666556547,402.7442366154957,13.76
Driver_800,376.22513904666835,36.89299780742333,13.96
Driver_801,683.4432155679476,91.68013071283039,13.09
Driver_802,65.19656371700863,356.6851848777993,12.96
Driver_803,161.12376504258364,256.106413309421,16.17
Driver_804,469.3022309018561,66.40750226485375,12.46
Driver_805,510.4397068525559,45.8371683643199,14.24
Driver_806,578.9055385386331,218.98295022059924,18.18
Driver_807,365.96225974553465,476.55325489262157,15.84
Driver_808,219.01492639989823,402.451521757472,13.3
Driver_809,555.3959315729062,141.20517124946883,14.2
Driver_810,188.92260430836984,203.03876012828636,5.0
Driver_811,178.71748261910682,119.56660151551267,14.05
Driver_812,598.8374908934127,510.3163236429239,18.86
Driver_813,330.08910840953484,513.3154849886585,15.17
Driver_814,279.1639292964234,276.70818288197074,17.53
Driver_815,450.1801505985438,404.7169208693807,11.12
Driver_816,293.0898701674237,249.32957136666803,14.81
Driver_817,320.7432147849519,278.8619943309031,19.57
Driver_818,604.8935521617694,89.95183217574345,5.39
Driver_819,628.4627905491221,144.61007963607958,9.06
Driver_820,679.5971439267308,343.0269961925193,14.78
Driver_821,67.98952500723894,123.62969884288768,10.73
Driver_822,266.1390947961537,166.18780893269954,13.91
Driver_823,397.59511698084987,552.5349959600309,7.0
Driver_824,417.6394798277169,506.0174401793051,7.14
Driver_825,589.2568342572661,447.272379093282,5.86
Driver_826,360.57861436237295,264.9821660315979,16.91
Driver_827,344.18243093337617,541.8375637569229,5.18
Driver_828,516.545536836293,38.99235914004315,8.71
Driver_829,40.9779105652194,225.5593264057858,17.94
Driver_830,512.8546273675584,41.150087905615266,13.53
Driver_831,684.1112940435258,422.71846321048565,11.78
Driver_832,137.6624889262508,141.45055373977763,6.23
Driver_833,481.3362417703293,413.27493366058417,18.67
Driver_834,448.06877596426654,35.10841024991781,19.42
Driver_835,77.01257532355888,100.44758381355837,10.61
Driver_836,440.4191075480993,411.1376412971408,14.48
Driver_837,10.810606737221008,492.7647695882544,9.54
Driver_838,409.9281534184808,149.99482707782443,14.7
Driver_839,269.0856874503035,382.5149688857597,10.17
Driver_840,517.2282333828191,57.61013461215289,16.49
Driver_841,116.43062707773956,157.72995344631923,15.83
Driver_842,534.3921025398929,361.7326927253507,12.0
Driver_843,485.3033615436244,68.11317141882378,9.69
Driver_844,614.7692579335699,524.4091154352607,18.77
Driver_845,26.414397517294447,539.8858395701983,8.95
Driver_846,499.1840154551627,301.54038984637634,11.16
Driver_847,522.9871801615286,260.9062373719026,10.44
Driver_848,602.9163131856366,314.15892925752973,16.0
Driver_849,92.79197773519753,21.500093232275432,19.18
Driver_850,35.78747673437405,541.7740840260251,15.83
Driver_851,47.811127777490384,280.2646472865759,5.46
Driver_852,292.1805072169912,271.28292351558645,10.32
Driver_853,149.90826670051695,244.63669134709872,7.73
Driver_854,18.030467083527885,444.30158738225896,18.18
Driver_855,164.5527950924318,191.33331075122214,16.82
Driver_856,238.3599949022788,352.4641922587171,17.96
Driver_857,672.7816420026345,147.4691754529721,8.96
Driver_858,627.51030369815,442.3132873423585,14.94
Driver_859,595.3894015498875,523.6590202648713,7.71
Driver_860,670.4137783856818,541.9296118344175,10.75
Driver_861,270.12184248528587,207.9016406340516,9.57
Driver_862,252.45033198540165,234.6285362598136,8.77
Driver_863,370.7014090756551,308.63535281002095,11.19
Driver_864,414.1041480235774,56.72255245697192,13.22
Driver_865,14.313820578795756,14.847805143347584,5.63
Driver_866,237.2455282972569,62.97437464341626,13.02
Driver_867,261.4447423236476,493.6502290483358,18.95
Driver_868,302.46828956987383,407.5554971423064,9.99
Driver_869,597.8190756187001,398.03821720453516,5.28
Driver_870,667.6162489637188,196.24263790555187,14.66
Driver_871,427.0740002651174,116.63392506269784,5.22
Driver_872,169.7660466358196,48.13013418172397,13.11
Driver_873,202.09862711915775,491.4612406462478,6.05
Driver_874,509.57194611916333,316.7851221438799,6.5
Driver_875,35.70638883052208,70.69707594202,10.23
Driver_876,80.40875086929984,507.6898200860592,6.66
Driver_877,682.9244339586118,437.2023641841901,8.83
Driver_878,38.787966615464484,91.7136839411194,11.26
Driver_879,70.9786794232968,221.52857900071632,8.09
Driver_880,559.3512364582929,75.16406889302665,15.8
Driver_881,560.0712592652022,135.12162428269562,6.73
Driver_882,64.8010039391018,120.2584416637128,8.18
Driver_883,440.0412418541088,585.1198089231041,15.35
Driver_884,576.3777940751395,190.9993274669628,9.94
Driver_885,176.83442008622157,467.79065971249327,10.19
Driver_886,544.4404446095597,414.91920257103175,10.02
Driver_887,92.88850573661978,518.9853012345624,19.9
Driver_888,393.5491020392926,223.329942546947,18.84
Driver_889,52.046515915992806,545.3932948950815,13.25
Driver_890,463.9720188094225,297.11558238995394,10.23
Driver_891,488.48927249315966,332.4890309484486,18.47
Driver_892,293.42629793104163,40.535781136834444,14.72
Driver_893,546.9458261338737,335.61996696326474,11.53
Driver_894,173.1575097032219,239.10637311748204,18.1
Driver_895,614.1563966716535,191.05356361880476,6.89
Driver_896,116.8239107302113,471.1488089240218,5.82
Driver_897,220.55649051294782,47.57694113319514,6.36
Driver_898,447.20597847013875,557.3025015934212,9.15
Driver_899,82.24484347613675,539.8505462179203,5.58
Driver_900,288.13628911094594,354.45158331086094,12.67
Driver_901,151.9986655392567,272.004734386812,7.84
Driver_902,189.11535045404793,97.83570727763595,15.52
Driver_903,405.326746165136,463.63177102197056,18.64
Driver_904,357.7381946063021,143.12604121612557,9.03
Driver_905,557.5438367901081,96.4117278858501,5.95
Driver_906,219.79246406891986,114.50071985207063,18.46
Driver_907,579.1604463511429,43.18204976982571,12.47
Driver_908,352.9715579666167,65.91932729395573,11.57
Driver_909,475.0599145574459,246.48647485168493,16.98
Driver_910,477.546556790054,240.99135317356902,9.83
Driver_911,47.66429944027271,124.91346102431652,18.18
Driver_912,570.8156432538367,539.6879336368855,15.97
Driver_913,376.22204960911034,392.3230293143446,15.9
Driver_914,377.8884548539,205.8848822067747,18.77
Driver_915,465.9120745997277,213.45881735587147,16.2
Driver_916,455.6635925064268,268.3130585964301,8.14
Driver_917,199.9118552012945,483.90957072285937,7.54
Driver_918,555.038974586075,304.98552488620504,13.69
Driver_919,107.1144988247571,305.9674272817283,18.93
Driver_920,104.68853977024058,266.5057716125672,11.27
Driver_921,201.39145838910656,287.59888340299057,16.1
Driver_922,630.3628650441192,164.6980026920988,11.77
Driver_923,52.86469660778292,21.45659534946541,7.02
Driver_924,180.8519397011555,86.12596693502962,16.54
Driver_925,214.30383175878728,30.036209448315894,12.78
Driver_926,95.06639319430877,108.1097733310164,12.51
Driver_927,607.867960069683,511.54866502088197,19.3
Driver_928,256.5973728082547,61.20467236286236,9.11
Driver_929,131.67574811468364,399.5397637420003,15.17
Driver_930,17.665564176482505,499.9906781301408,9.69
Driver_931,69.67664646486315,151.66434355850504,19.24
Driver_932,380.6627182983243,346.73783616186273,18.71
Driver_933,609.1641629179867,88.42575157562887,5.58
Driver_934,220.12411147461623,429.2028154942679,9.13
Driver_935,179.28277322519514,508.81405408384006,14.47
Driver_936,258.014966375518,547.6926895505676,15.56
Driver_937,75.87989521630251,249.41151909242421,7.3
Driver_938,466.43499997378404,220.38753130022207,18.13
Driver_939,267.74459231138474,183.6524591387099,12.18
Driver_940,460.12258875362255,285.75891117940614,7.05
Driver_941,512.4055533458529,532.3663743217983,8.72
Driver_942,683.0768849165561,247.96629252501566,14.49
Driver_943,55.28619224845274,441.34473814391123,13.95
Driver_944,262.45121614102186,511.2425636023533,17.74
Driver_945,23.06238890122274,545.1629247719608,8.36
Driver_946,80.86152805820285,160.39655917992633,13.04
Driver_947,186.80937613973572,91.37247325463781,15.25
Driver_948,219.51545220443543,195.84694615209963,15.47
Driver_949,262.78932070797714,191.57045562886722,5.06
Driver_950,539.0309093262347,67.46894871307038,10.39
Driver_951,23.47646809319066,197.52097891263267,17.81
Driver_952,461.85291550210127,495.0167149533506,9.95
Driver_953,376.0219214640973,582.8215051703122,13.24
Driver_954,533.2755302220373,451.0682739981322,7.26
Driver_955,99.71922607606024,124.12816636078932,13.48
Driver_956,347.54823150323944,202.3625589061709,15.47
Driver_957,489.3435115028071,295.14995861714027,17.84
Driver_958,426.6837045436162,155.46162799551698,15.99
Driver_959,163.81619243057642,414.3737879465431,14.9
Driver_960,337.33727219839597,157.17163807656294,6.15
Driver_961,616.0289510971164,49.37025842097548,10.73
Driver_962,676.7105031159974,123.78610387149095,16.48
Driver_963,259.5256611941584,488.11988325893583,7.44
Driver_964,391.87330021229917,423.6136940397517,6.46
Driver_965,680.5971206215929,479.5649786612267,9.61
Driver_966,514.0830749201901,559.657432419933,5.24
Driver_967,566.9908465181517,386.9562244317368,9.72
Driver_968,383.76378279722775,290.7270466555916,18.4
Driver_969,41.74019044169824,288.1361743283713,18.71
Driver_970,83.04129114696825,537.1540662250753,14.46
Driver_971,664.4484739905965,158.11714732008565,6.81
Driver_972,500.587933539261,485.448648126496,7.61
Driver_973,559.9595181508554,550.0047408809236,19.5
Driver_974,381.11145707472,125.37918301418705,5.31
Driver_975,547.4863616648447,417.2253809953003,8.78
Driver_976,589.6676376955628,335.02927139794224,8.03
Driver_977,188.73243662549527,199.53645287972384,15.51
Driver_978,475.66595154919065,268.2395320539854,17.84
Driver_979,460.4845015060763,173.25908174722852,15.35
Driver_980,624.4372634343925,128.57463915590404,18.54
Driver_981,616.7957585564122,437.5057523314492,12.32
Driver_982,365.43145564056226,116.9411989408364,8.28
Driver_983,411.8679863584067,237.4743226970201,18.2
Driver_984,465.1763929564457,176.1414493025922,8.74
Driver_985,49.32314848932117,113.47605419061217,9.46
Driver_986,149.03878588636118,118.00692949693013,10.54
Driver_987,153.86888995985626,474.9331568707768,11.66
Driver_988,351.1604906329403,200.46509646817776,15.6
Driver_989,221.48294473166283,367.8709231917433,19.21
Driver_990,687.5339623123357,512.6951271013504,7.95
Driver_991,646.8372754521844,102.01692047638528,7.28
Driver_992,403.24789571856473,398.3870315649854,18.05
Driver_993,27.63052725546178,363.7257203654057,16.81
Driver_994,682.0037675276827,132.77871755714654,7.91
Driver_995,376.01575000721664,548.5041758273787,11.88
Driver_996,576.5737205000183,272.80165866428,17.59
Driver_997,33.35284208511305,436.91601201248614,7.03
Driver_998,16.36318070286706,345.4596542237959,6.24
Driver_999,456.99735678472285,87.59191483142332,8.0
